playerID,nameFirst,nameLast,G,AB,R,H,X2B,X3B,HR,RBI,SB,CS,BB,SO,IBB,HBP,SH,SF,GIDP,PA,BA,1B,SLG,OBP,OPS,SO%,BB%,BB:SO,Range,POS,GS,InnOuts,PO,A,E,DP,PB,WP,SB_against,CS_for,ZR,Triple Crown,500_hr,3000_hit,1500_runs,1500_rbi,2500_G,ped_use,inducted,play_era
beltrad01,Adrian,Beltre,2933,11068,1524,3166,636,38,477,1707,121,42,848,1732,112,97,14,103,279,12116,0.28604987350921574,2015,0.47967112396096856,0.33930340046219876,0.8189745244231673,0.14295146913172666,0.0699900957411687,0.4896073903002309,2.518581657006478,3B,2713,71565,2200,5187,311,523,0,0,0,0,0,0,No,Yes,Yes,Yes,Yes,No,0,Modern
beltrca01,Carlos,Beltran,2586,9768,1582,2725,565,78,435,1587,312,49,1084,1795,104,51,18,110,203,11013,0.27897215397215397,1647,0.48638411138411136,0.3504948696994461,0.8368789810835575,0.16298919458821393,0.09842912921093254,0.6038997214484679,2.0498839907192576,CF,2191,56943,5158,143,75,37,0,0,0,0,0,0,No,No,Yes,Yes,Yes,No,0,Modern
cabremi01,Miguel,Cabrera,2699,10022,1530,3088,607,17,507,1847,40,21,1227,2031,238,72,5,100,353,11421,0.30812213131111554,1957,0.5238475354220714,0.38411697749759216,0.9079645129196636,0.17783031258208562,0.10743367480956133,0.604135893648449,4.569099666543164,LF,2221,57141,10448,1884,153,1113,0,0,0,0,0,1,Yes,Yes,Yes,Yes,Yes,No,0,Modern
canoro01,Robinson,Cano,2267,8773,1262,2639,572,33,335,1306,51,38,620,1214,112,85,10,62,286,9540,0.30080930126524563,1699,0.48808845320870853,0.35052410901467507,0.8386125622233835,0.12725366876310273,0.0649895178197065,0.5107084019769358,4.426996029995589,2B,2154,56750,4155,5881,126,1428,0,0,0,0,0,0,No,No,No,No,No,Yes,0,Modern
pujolal01,Albert,Pujols,3080,11421,1914,3384,686,16,703,2218,117,43,1373,1404,316,123,1,123,426,13040,0.2962962962962963,1979,0.5438227825934682,0.37423312883435583,0.918055911427824,0.10766871165644172,0.10529141104294479,0.9779202279202279,6.318506493506494,LF,2326,60725,17617,1844,147,1729,0,0,0,0,0,0,Yes,Yes,Yes,Yes,Yes,No,0,Modern
suzukic01,Ichiro,Suzuki,2653,9934,1420,3089,362,96,117,780,509,117,647,1080,181,55,50,48,92,10684,0.31095228508153816,2514,0.4020535534527884,0.35482965181579934,0.7568832052685878,0.10108573567952078,0.0605578435043055,0.5990740740740741,1.9393139841688654,RF,2248,60118,5022,123,38,28,0,0,0,0,0,0,No,Yes,No,No,Yes,No,0,Modern
