playerID,nameFirst,nameLast,POS,W,L,G,GS,CG,SHO,SV,IP,IPouts,H,ER,HR,BB,SO,BAOpp,ERA,SO%,BB%,SO:BB,IBB,WP,HBP,BK,BFP,GF,R,SH,SF,GIDP,InnOuts,PO,A,E,DP,Pitching Triple Crown,300_wins,3000_so,300_sv,ped_use,inducted,play_era
kershcl01,Clayton,Kershaw,SP,197,87,401,398,25,15,0,2580.9,7743,1955,711,206,629,2807,0.19242125984251968,2.479367662443334,0.2762795275590551,0.061909448818897636,4.462639109697934,27,95,39,22,10160,1,777,90,29,177,7743,73,358,11,15,1,No,No,No,No,0,Modern
scherma01,Max,Scherzer,SP,201,102,430,421,12,5,0,2681.9,8046,2180,927,300,701,3193,0.2012741205798172,3.1108542451247247,0.29480195734465886,0.06472163235158342,4.554921540656205,20,74,107,7,10831,2,998,59,54,139,8046,141,198,16,14,0,No,Yes,No,No,0,Modern
verlaju01,Justin,Verlander,SP,244,133,482,482,26,9,0,3162.9,9489,2654,1139,322,880,3198,0.206055900621118,3.24101299440387,0.2482919254658385,0.06832298136645963,3.6340909090909093,27,90,104,19,12880,0,1235,44,69,168,9489,177,304,34,30,1,No,Yes,No,No,0,Modern
