Name,POS,WAR,WHIP,ERA,HR/9,SO,PO,A,E,DP,Pitching Triple Crown,300_wins,3000_so,300_sv,ped_use,W,L,G,GS,CG,ShO,SV,BS,IP,TBF,H,R,ER,HR,BB,IBB,HBP,WP,BK,K/9,BB/9,K/BB,H/9,AVG,BABIP,LOB%,FIP,ERA-,FIP-,E-F,K/9+,BB/9+,K/BB+,H/9+,HR/9+,AVG+,WHIP+,BABIP+,LOB%+,all_star_appearances,num_gold_gloves,num_cy_young,num_mvp,num_ws_mvp
Justin Verlander,SP,78,1.12,3.24,0.92,3198,177,304,34,30,1,No,Yes,No,No,244,133,482,482,26,9,0,0,3163,12880,2654,1235,1139,322,880,27,104,90,19,9.1,2.5,3.63,7.55,0.223,0.278,0.754,3.36,76,79,-0.12,121,79,153,85,82,88,83,94,105,8,0,2,1,0
Clayton Kershaw,SP,73.4,1,2.48,0.72,2807,73,358,11,15,1,No,No,No,No,197,87,401,398,25,15,0,0,2581,10160,1955,777,711,206,629,27,39,95,22,9.79,2.19,4.46,6.82,0.206,0.27,0.7909999999999999,2.76,64,68,-0.28,124,68,181,79,67,83,76,92,109,9,1,3,1,0
Max Scherzer,SP,70.3,1.07,3.11,1.01,3193,141,198,16,14,0,No,Yes,No,No,201,102,430,421,12,5,0,0,2682,10831,2180,998,927,300,701,20,107,74,7,10.71,2.35,4.55,7.32,0.217,0.288,0.775,3.1,75,75,0.01,135,73,184,84,94,87,81,98,107,8,0,3,0,0
Zack Greinke,SP,65.5,1.17,3.42,0.95,2882,329,462,9,60,0,No,No,No,No,223,141,556,514,17,5,1,0,3247,13284,3049,1328,1235,342,739,25,75,99,6,7.99,2.05,3.9,8.45,0.245,0.293,0.7490000000000001,3.47,81,84,-0.04,106,64,165,96,88,97,88,100,104,4,6,1,0,0
Cole Hamels,SP,51.6,1.18,3.43,1.03,2560,113,323,21,14,0,No,No,No,No,163,122,423,422,17,7,0,0,2698,11115,2424,1103,1027,310,767,43,100,57,14,8.54,2.56,3.34,8.09,0.237,0.287,0.7659999999999999,3.68,82,88,-0.26,113,81,141,92,100,94,89,97,106,4,0,0,0,1
Chris Sale,SP,45.5,1.04,3.03,0.95,2064,68,155,4,10,0,No,No,No,No,114,75,323,243,16,3,12,3,1678,6752,1362,612,565,178,387,15,103,38,1,11.07,2.08,5.33,7.31,0.218,0.295,0.774,2.92,71,69,0.11,139,68,207,83,83,87,79,100,106,7,0,0,0,0
