Name,POS,WAR,WHIP,ERA,HR/9,SO,PO,A,E,DP,Pitching Triple Crown,300_wins,3000_so,300_sv,ped_use,W,L,G,GS,CG,ShO,SV,BS,IP,TBF,H,R,ER,HR,BB,IBB,HBP,WP,BK,K/9,BB/9,K/BB,H/9,AVG,BABIP,LOB%,FIP,ERA-,FIP-,E-F,K/9+,BB/9+,K/BB+,H/9+,HR/9+,AVG+,WHIP+,BABIP+,LOB%+,all_star_appearances,num_gold_gloves,num_cy_young,num_mvp,num_ws_mvp
Justin Verlander,SP,78,1.12,3.24,0.92,3198,177,304,34,30,1,No,Yes,No,No,244,133,482,482,26,9,0,0,3163,12880,2654,1235,1139,322,880,27,104,90,19,9.1,2.5,3.63,7.55,0.223,0.278,0.754,3.36,76,79,-0.12,121,79,153,85,82,88,83,94,105,8,0,2,1,0
Clayton Kershaw,SP,73.4,1,2.48,0.72,2807,73,358,11,15,1,No,No,No,No,197,87,401,398,25,15,0,0,2581,10160,1955,777,711,206,629,27,39,95,22,9.79,2.19,4.46,6.82,0.206,0.27,0.7909999999999999,2.76,64,68,-0.28,124,68,181,79,67,83,76,92,109,9,1,3,1,0
Max Scherzer,SP,70.3,1.07,3.11,1.01,3193,141,198,16,14,0,No,Yes,No,No,201,102,430,421,12,5,0,0,2682,10831,2180,998,927,300,701,20,107,74,7,10.71,2.35,4.55,7.32,0.217,0.288,0.775,3.1,75,75,0.01,135,73,184,84,94,87,81,98,107,8,0,3,0,0
Chris Sale,SP,45.5,1.04,3.03,0.95,2064,68,155,4,10,0,No,No,No,No,114,75,323,243,16,3,12,3,1678,6752,1362,612,565,178,387,15,103,38,1,11.07,2.08,5.33,7.31,0.218,0.295,0.774,2.92,71,69,0.11,139,68,207,83,83,87,79,100,106,7,0,0,0,0
Craig Kimbrel,RP,20.2,0.98,2.31,0.73,1098,28,43,2,2,0,No,No,Yes,No,41,36,709,0,0,0,394,48,688.1,2747,398,196,177,56,280,9,31,63,2,14.36,3.66,3.92,5.2,0.163,0.267,0.8140000000000001,2.34,57,58,-0.03,179,117,153,61,65,66,76,91,112,8,0,0,0,0
Aroldis Chapman,RP,20.1,1.07,2.48,0.59,1045,19,44,11,1,0,No,No,Yes,No,44,35,667,0,0,0,315,38,640,2599,366,191,176,42,318,5,30,68,2,14.7,4.47,3.29,5.15,0.163,0.278,0.7979999999999999,2.35,61,56,0.13,183,144,127,60,54,65,82,94,110,7,0,0,0,0
